slope,intercept,r2,pearson_r,n
1.0514663607945034,-117.83052365849338,0.8107380180992636,0.9004099167041991,61
