{"a": 111.01590163022273, "b": 20.413291900859118}