{
  "task": "OTIS Mock AIME 2024-2025",
  "task_display_name": "OTIS Mock AIME 2024-2025",
  "model": "google/gemini-3.1-pro-preview",
  "eval_id": "eXdB3a3dYpChKcbh3eduU2",
  "run_id": "bXgZZgzRE3wXoSRUgrbsVf",
  "dataset_name": "EpochAI/otis-mock-aime-24-25",
  "epochs_configured": 8,
  "accuracy": 1.0,
  "stderr": 0.0,
  "scores": [
    {
      "scorer": "model_extracted_exact_match",
      "reducer": "mean",
      "metrics": {
        "accuracy": 1.0,
        "stderr": 0.0
      }
    }
  ],
  "totals": {
    "total_output_tokens": 374538.0,
    "total_avg_output_tokens": 47932.828571428574,
    "total_reasoning_tokens": 3926419.0,
    "total_avg_reasoning_tokens": 511881.6178571429
  },
  "totals_source": "samples",
  "samples": {
    "2024-Mock-AIME-Problem-01": {
      "n_epochs": 8,
      "output_tokens": [
        807,
        791,
        825,
        763,
        784,
        804,
        806,
        799
      ],
      "avg_output_tokens": 797.375,
      "reasoning_tokens": [
        2907,
        3477,
        3481,
        2832,
        2934,
        4115,
        2013,
        3641
      ],
      "avg_reasoning_tokens": 3175.0
    },
    "2024-Mock-AIME-Problem-02": {
      "n_epochs": 8,
      "output_tokens": [
        1227,
        1082,
        949,
        1200,
        1282,
        1359,
        1346,
        985
      ],
      "avg_output_tokens": 1178.75,
      "reasoning_tokens": [
        21277,
        12411,
        19649,
        22597,
        16942,
        12737,
        23596,
        20485
      ],
      "avg_reasoning_tokens": 18711.75
    },
    "2024-Mock-AIME-Problem-03": {
      "n_epochs": 8,
      "output_tokens": [
        783,
        806,
        716,
        656,
        717,
        765,
        814,
        668
      ],
      "avg_output_tokens": 740.625,
      "reasoning_tokens": [
        1739,
        2715,
        2232,
        2438,
        1974,
        2871,
        1998,
        3061
      ],
      "avg_reasoning_tokens": 2378.5
    },
    "2024-Mock-AIME-Problem-04": {
      "n_epochs": 8,
      "output_tokens": [
        956,
        891,
        962,
        892,
        1029,
        965,
        955,
        908
      ],
      "avg_output_tokens": 944.75,
      "reasoning_tokens": [
        4467,
        2078,
        2613,
        3401,
        6054,
        4621,
        3838,
        3213
      ],
      "avg_reasoning_tokens": 3785.625
    },
    "2024-Mock-AIME-Problem-05": {
      "n_epochs": 8,
      "output_tokens": [
        1129,
        1132,
        987,
        1145,
        1210,
        978,
        967,
        948
      ],
      "avg_output_tokens": 1062.0,
      "reasoning_tokens": [
        14915,
        11444,
        13362,
        13179,
        15438,
        6546,
        9456,
        10809
      ],
      "avg_reasoning_tokens": 11893.625
    },
    "2024-Mock-AIME-Problem-06": {
      "n_epochs": 8,
      "output_tokens": [
        1120,
        1023,
        1147,
        1109,
        1179,
        1117,
        1193,
        1008
      ],
      "avg_output_tokens": 1112.0,
      "reasoning_tokens": [
        11624,
        7880,
        9805,
        7459,
        10078,
        5964,
        9883,
        6131
      ],
      "avg_reasoning_tokens": 8603.0
    },
    "2024-Mock-AIME-Problem-07": {
      "n_epochs": 8,
      "output_tokens": [
        1382,
        1110,
        1262,
        1279,
        1175,
        1278,
        1159,
        1040
      ],
      "avg_output_tokens": 1210.625,
      "reasoning_tokens": [
        6091,
        5743,
        7960,
        6307,
        7327,
        8169,
        10107,
        4459
      ],
      "avg_reasoning_tokens": 7020.375
    },
    "2024-Mock-AIME-Problem-08": {
      "n_epochs": 8,
      "output_tokens": [
        1229,
        1473,
        1341,
        1494,
        1300,
        1232,
        1201,
        1343
      ],
      "avg_output_tokens": 1326.625,
      "reasoning_tokens": [
        22540,
        26657,
        26916,
        26162,
        25575,
        23049,
        22783,
        28299
      ],
      "avg_reasoning_tokens": 25247.625
    },
    "2024-Mock-AIME-Problem-09": {
      "n_epochs": 8,
      "output_tokens": [
        826,
        866,
        900,
        867,
        743,
        852,
        849,
        802
      ],
      "avg_output_tokens": 838.125,
      "reasoning_tokens": [
        5714,
        2958,
        3908,
        2917,
        2458,
        2696,
        4778,
        4031
      ],
      "avg_reasoning_tokens": 3682.5
    },
    "2024-Mock-AIME-Problem-10": {
      "n_epochs": 8,
      "output_tokens": [
        1136,
        1496,
        1230,
        1147,
        1222,
        1466,
        1073,
        1512
      ],
      "avg_output_tokens": 1285.25,
      "reasoning_tokens": [
        11212,
        18422,
        8996,
        10646,
        14709,
        16055,
        12702,
        24977
      ],
      "avg_reasoning_tokens": 14714.875
    },
    "2024-Mock-AIME-Problem-11": {
      "n_epochs": 8,
      "output_tokens": [
        1259,
        1494,
        1341,
        1506,
        1424,
        1422,
        1546,
        1433
      ],
      "avg_output_tokens": 1428.125,
      "reasoning_tokens": [
        20682,
        19089,
        19343,
        19796,
        18450,
        21042,
        20319,
        21640
      ],
      "avg_reasoning_tokens": 20045.125
    },
    "2024-Mock-AIME-Problem-12": {
      "n_epochs": 7,
      "output_tokens": [
        975,
        987,
        972,
        939,
        1061,
        1044,
        1073
      ],
      "avg_output_tokens": 1007.2857142857143,
      "reasoning_tokens": [
        24908,
        26643,
        18529,
        26272,
        22950,
        21725,
        25377
      ],
      "avg_reasoning_tokens": 23772.0
    },
    "2024-Mock-AIME-Problem-13": {
      "n_epochs": 8,
      "output_tokens": [
        1519,
        1400,
        1305,
        1216,
        1398,
        1368,
        1505,
        1577
      ],
      "avg_output_tokens": 1411.0,
      "reasoning_tokens": [
        12540,
        19365,
        13361,
        14624,
        13495,
        8320,
        13467,
        11923
      ],
      "avg_reasoning_tokens": 13386.875
    },
    "2024-Mock-AIME-Problem-15": {
      "n_epochs": 8,
      "output_tokens": [
        894,
        1711,
        1456,
        1271,
        1385,
        1355,
        1348,
        1370
      ],
      "avg_output_tokens": 1348.75,
      "reasoning_tokens": [
        12353,
        11539,
        9565,
        15730,
        14124,
        12394,
        14960,
        8502
      ],
      "avg_reasoning_tokens": 12395.875
    },
    "2025-I-Mock-AIME-Problem-01": {
      "n_epochs": 8,
      "output_tokens": [
        946,
        814,
        747,
        812,
        832,
        895,
        1064,
        804
      ],
      "avg_output_tokens": 864.25,
      "reasoning_tokens": [
        6302,
        5217,
        5560,
        5295,
        5725,
        8546,
        4787,
        6914
      ],
      "avg_reasoning_tokens": 6043.25
    },
    "2025-I-Mock-AIME-Problem-02": {
      "n_epochs": 8,
      "output_tokens": [
        875,
        868,
        913,
        842,
        1033,
        888,
        818,
        1028
      ],
      "avg_output_tokens": 908.125,
      "reasoning_tokens": [
        4888,
        6227,
        3552,
        7379,
        4716,
        6234,
        6496,
        4855
      ],
      "avg_reasoning_tokens": 5543.375
    },
    "2025-I-Mock-AIME-Problem-03": {
      "n_epochs": 8,
      "output_tokens": [
        830,
        933,
        853,
        897,
        997,
        826,
        759,
        845
      ],
      "avg_output_tokens": 867.5,