{
  "task": "OTIS Mock AIME 2024-2025",
  "task_display_name": "OTIS Mock AIME 2024-2025",
  "model": "openai/gpt-5.4-2026-03-05",
  "eval_id": "UhenEngFkRdRhGJbbsjjSV",
  "run_id": "HVsPchr34pWYHNuv5sKYyK",
  "dataset_name": "EpochAI/otis-mock-aime-24-25",
  "epochs_configured": 8,
  "accuracy": 0.9970238095238095,
  "stderr": 0.0029761904761904756,
  "scores": [
    {
      "scorer": "model_extracted_exact_match",
      "reducer": "mean",
      "metrics": {
        "accuracy": 0.9970238095238095,
        "stderr": 0.0029761904761904756
      }
    }
  ],
  "totals": {
    "total_output_tokens": 2863481.0,
    "total_avg_output_tokens": 443146.625,
    "total_reasoning_tokens": 2586502.0,
    "total_avg_reasoning_tokens": 406433.39285714284
  },
  "totals_source": "samples",
  "samples": {
    "2024-Mock-AIME-Problem-01": {
      "n_epochs": 8,
      "output_tokens": [
        1362,
        946,
        1055,
        1163,
        1931,
        1542,
        1499,
        1019
      ],
      "avg_output_tokens": 1314.625,
      "reasoning_tokens": [
        870,
        454,
        516,
        516,
        1420,
        1034,
        1032,
        516
      ],
      "avg_reasoning_tokens": 794.75
    },
    "2024-Mock-AIME-Problem-02": {
      "n_epochs": 8,
      "output_tokens": [
        16886,
        14363,
        13805,
        14849,
        12641,
        13719,
        11007,
        10185
      ],
      "avg_output_tokens": 13431.875,
      "reasoning_tokens": [
        16056,
        13466,
        12948,
        13888,
        11799,
        12948,
        10171,
        9342
      ],
      "avg_reasoning_tokens": 12577.25
    },
    "2024-Mock-AIME-Problem-03": {
      "n_epochs": 8,
      "output_tokens": [
        792,
        766,
        861,
        882,
        978,
        820,
        748,
        959
      ],
      "avg_output_tokens": 850.75,
      "reasoning_tokens": [
        352,
        321,
        346,
        403,
        449,
        406,
        356,
        516
      ],
      "avg_reasoning_tokens": 393.625
    },
    "2024-Mock-AIME-Problem-04": {
      "n_epochs": 8,
      "output_tokens": [
        1863,
        2103,
        2050,
        1142,
        2323,
        2241,
        2339,
        1788
      ],
      "avg_output_tokens": 1981.125,
      "reasoning_tokens": [
        1297,
        1400,
        1340,
        506,
        1552,
        1552,
        1552,
        1034
      ],
      "avg_reasoning_tokens": 1279.125
    },
    "2024-Mock-AIME-Problem-05": {
      "n_epochs": 8,
      "output_tokens": [
        16272,
        15592,
        14263,
        13788,
        11988,
        16983,
        16253,
        13723
      ],
      "avg_output_tokens": 14857.75,
      "reasoning_tokens": [
        15538,
        14657,
        13466,
        12903,
        11235,
        16229,
        15292,
        12750
      ],
      "avg_reasoning_tokens": 14008.75
    },
    "2024-Mock-AIME-Problem-06": {
      "n_epochs": 8,
      "output_tokens": [
        9163,
        9751,
        5614,
        6700,
        7213,
        7796,
        8202,
        5726
      ],
      "avg_output_tokens": 7520.625,
      "reasoning_tokens": [
        8148,
        8773,
        4660,
        5637,
        6127,
        6732,
        7101,
        4660
      ],
      "avg_reasoning_tokens": 6479.75
    },
    "2024-Mock-AIME-Problem-07": {
      "n_epochs": 8,
      "output_tokens": [
        3887,
        5615,
        5387,
        3609,
        2529,
        4083,
        5099,
        4599
      ],
      "avg_output_tokens": 4351.0,
      "reasoning_tokens": [
        3012,
        4711,
        4438,
        2588,
        1552,
        2966,
        4142,
        3552
      ],
      "avg_reasoning_tokens": 3370.125
    },
    "2024-Mock-AIME-Problem-09": {
      "n_epochs": 8,
      "output_tokens": [
        1434,
        1251,
        3332,
        3557,
        8220,
        5965,
        2774,
        3369
      ],
      "avg_output_tokens": 3737.75,
      "reasoning_tokens": [
        516,
        516,
        2550,
        2752,
        7365,
        5178,
        2070,
        2588
      ],
      "avg_reasoning_tokens": 2941.875
    },
    "2024-Mock-AIME-Problem-10": {
      "n_epochs": 8,
      "output_tokens": [
        7152,
        12724,
        10871,
        9158,
        8783,
        7330,
        9343,
        7375
      ],
      "avg_output_tokens": 9092.0,
      "reasoning_tokens": [
        6214,
        11641,
        9840,
        8183,
        7925,
        6214,
        8286,
        6331
      ],
      "avg_reasoning_tokens": 8079.25
    },
    "2024-Mock-AIME-Problem-11": {
      "n_epochs": 8,
      "output_tokens": [
        15452,
        15598,
        15903,
        18126,
        21864,
        18541,
        16575,
        19341
      ],
      "avg_output_tokens": 17675.0,
      "reasoning_tokens": [
        13984,
        13984,
        13984,
        16766,
        19959,
        16574,
        15020,
        17693
      ],
      "avg_reasoning_tokens": 15995.5
    },
    "2024-Mock-AIME-Problem-12": {
      "n_epochs": 8,
      "output_tokens": [
        15746,
        14984,
        14595,
        16060,
        16055,
        15798,
        14641,
        17605
      ],
      "avg_output_tokens": 15685.5,
      "reasoning_tokens": [
        15020,
        14502,
        13984,
        15426,
        15344,
        15180,
        13984,
        16944
      ],
      "avg_reasoning_tokens": 15048.0
    },
    "2024-Mock-AIME-Problem-13": {
      "n_epochs": 8,
      "output_tokens": [
        6579,
        9782,
        5868,
        10190,
        13176,
        8062,
        10440,
        13790
      ],
      "avg_output_tokens": 9735.875,
      "reasoning_tokens": [
        5318,
        8198,
        4698,
        8649,
        11619,
        6629,
        9069,
        12383
      ],
      "avg_reasoning_tokens": 8320.375
    },
    "2024-Mock-AIME-Problem-15": {
      "n_epochs": 8,
      "output_tokens": [
        18126,
        7610,
        17273,
        17229,
        20815,
        18379,
        15596,
        11879
      ],
      "avg_output_tokens": 15863.375,
      "reasoning_tokens": [
        16862,
        6669,
        15865,
        16018,
        19762,
        17186,
        14502,
        10814
      ],
      "avg_reasoning_tokens": 14709.75
    },
    "2025-I-Mock-AIME-Problem-01": {
      "n_epochs": 8,
      "output_tokens": [
        1814,
        1993,
        1779,
        3134,
        3021,
        1492,
        2090,
        5454
      ],
      "avg_output_tokens": 2597.125,
      "reasoning_tokens": [
        1219,
        1552,
        1313,
        2588,
        2506,
        1034,
        1665,
        4943
      ],
      "avg_reasoning_tokens": 2102.5
    },
    "2025-I-Mock-AIME-Problem-02": {
      "n_epochs": 8,
      "output_tokens": [
        8396,
        1944,
        4440,
        4840,
        12695,
        10653,
        10127,
        3355
      ],
      "avg_output_tokens": 7056.25,
      "reasoning_tokens": [
        7543,
        1034,
        3527,
        4142,
        11996,
        9982,
        9304,
        2588
      ],
      "avg_reasoning_tokens": 6264.5
    },
    "2025-I-Mock-AIME-Problem-03": {
      "n_epochs": 8,
      "output_tokens": [
        4830,
        6664,
        3350,
        8014,
        4396,
        3869,
        3247,
        3894
      ],
      "avg_output_tokens": 4783.0,
      "reasoning_tokens": [
        3965,
        5696,
        2588,
        7250,
        3520,
        3050,
        2534,
        3106
      ],
      "avg_reasoning_tokens": 3963.625
    },
    "2025-I-Mock-AIME-Problem-04": {
      "n_epochs": 8,
      "output_tokens": [
        15521,
        14012,
        12227,
        16093,
        17757,
        14008,
        17616,
        12256
      ],