{
  "task": "OTIS Mock AIME 2024-2025",
  "task_display_name": "OTIS Mock AIME 2024-2025",
  "model": "google/gemini-3.1-pro-preview",
  "eval_id": "eXdB3a3dYpChKcbh3eduU2",
  "run_id": "bXgZZgzRE3wXoSRUgrbsVf",
  "dataset_name": "EpochAI/otis-mock-aime-24-25",
  "epochs_configured": 8,
  "totals": {
    "total_output_tokens": 375549.0,
    "total_avg_output_tokens": 48061.828571428574,
    "total_reasoning_tokens": 3926419.0,
    "total_avg_reasoning_tokens": 511881.6178571429
  },
  "totals_source": "samples",
  "samples": {
    "2024-Mock-AIME-Problem-01": {
      "n_epochs": 8,
      "output_tokens": [
        810,
        794,
        828,
        766,
        787,
        807,
        809,
        802
      ],
      "avg_output_tokens": 800.375,
      "reasoning_tokens": [
        2907,
        3477,
        3481,
        2832,
        2934,
        4115,
        2013,
        3641
      ],
      "avg_reasoning_tokens": 3175.0
    },
    "2024-Mock-AIME-Problem-02": {
      "n_epochs": 8,
      "output_tokens": [
        1230,
        1085,
        952,
        1203,
        1285,
        1362,
        1349,
        988
      ],
      "avg_output_tokens": 1181.75,
      "reasoning_tokens": [
        21277,
        12411,
        19649,
        22597,
        16942,
        12737,
        23596,
        20485
      ],
      "avg_reasoning_tokens": 18711.75
    },
    "2024-Mock-AIME-Problem-03": {
      "n_epochs": 8,
      "output_tokens": [
        786,
        809,
        719,
        659,
        720,
        768,
        817,
        671
      ],
      "avg_output_tokens": 743.625,
      "reasoning_tokens": [
        1739,
        2715,
        2232,
        2438,
        1974,
        2871,
        1998,
        3061
      ],
      "avg_reasoning_tokens": 2378.5
    },
    "2024-Mock-AIME-Problem-04": {
      "n_epochs": 8,
      "output_tokens": [
        959,
        894,
        965,
        895,
        1032,
        968,
        958,
        911
      ],
      "avg_output_tokens": 947.75,
      "reasoning_tokens": [
        4467,
        2078,
        2613,
        3401,
        6054,
        4621,
        3838,
        3213
      ],
      "avg_reasoning_tokens": 3785.625
    },
    "2024-Mock-AIME-Problem-05": {
      "n_epochs": 8,
      "output_tokens": [
        1132,
        1135,
        990,
        1148,
        1213,
        981,
        970,
        951
      ],
      "avg_output_tokens": 1065.0,
      "reasoning_tokens": [
        14915,
        11444,
        13362,
        13179,
        15438,
        6546,
        9456,
        10809
      ],
      "avg_reasoning_tokens": 11893.625
    },
    "2024-Mock-AIME-Problem-06": {
      "n_epochs": 8,
      "output_tokens": [
        1123,
        1026,
        1150,
        1112,
        1182,
        1120,
        1196,
        1011
      ],
      "avg_output_tokens": 1115.0,
      "reasoning_tokens": [
        11624,
        7880,
        9805,
        7459,
        10078,
        5964,
        9883,
        6131
      ],
      "avg_reasoning_tokens": 8603.0
    },
    "2024-Mock-AIME-Problem-07": {
      "n_epochs": 8,
      "output_tokens": [
        1385,
        1113,
        1265,
        1282,
        1178,
        1281,
        1162,
        1043
      ],
      "avg_output_tokens": 1213.625,
      "reasoning_tokens": [
        6091,
        5743,
        7960,
        6307,
        7327,
        8169,
        10107,
        4459
      ],
      "avg_reasoning_tokens": 7020.375
    },
    "2024-Mock-AIME-Problem-08": {
      "n_epochs": 8,
      "output_tokens": [
        1232,
        1476,
        1344,
        1497,
        1303,
        1235,
        1204,
        1346
      ],
      "avg_output_tokens": 1329.625,
      "reasoning_tokens": [
        22540,
        26657,
        26916,
        26162,
        25575,
        23049,
        22783,
        28299
      ],
      "avg_reasoning_tokens": 25247.625
    },
    "2024-Mock-AIME-Problem-09": {
      "n_epochs": 8,
      "output_tokens": [
        829,
        869,
        903,
        870,
        746,
        855,
        852,
        805
      ],
      "avg_output_tokens": 841.125,
      "reasoning_tokens": [
        5714,
        2958,
        3908,
        2917,
        2458,
        2696,
        4778,
        4031
      ],
      "avg_reasoning_tokens": 3682.5
    },
    "2024-Mock-AIME-Problem-10": {
      "n_epochs": 8,
      "output_tokens": [
        1139,
        1499,
        1233,
        1150,
        1225,
        1469,
        1076,
        1515
      ],
      "avg_output_tokens": 1288.25,
      "reasoning_tokens": [
        11212,
        18422,
        8996,
        10646,
        14709,
        16055,
        12702,
        24977
      ],
      "avg_reasoning_tokens": 14714.875
    },
    "2024-Mock-AIME-Problem-11": {
      "n_epochs": 8,
      "output_tokens": [
        1262,
        1497,
        1344,
        1509,
        1427,
        1425,
        1549,
        1436
      ],
      "avg_output_tokens": 1431.125,
      "reasoning_tokens": [
        20682,
        19089,
        19343,
        19796,
        18450,
        21042,
        20319,
        21640
      ],
      "avg_reasoning_tokens": 20045.125
    },
    "2024-Mock-AIME-Problem-12": {
      "n_epochs": 7,
      "output_tokens": [
        978,
        990,
        975,
        942,
        1064,
        1047,
        1076
      ],
      "avg_output_tokens": 1010.2857142857143,
      "reasoning_tokens": [
        24908,
        26643,
        18529,
        26272,
        22950,
        21725,
        25377
      ],
      "avg_reasoning_tokens": 23772.0
    },
    "2024-Mock-AIME-Problem-13": {
      "n_epochs": 8,
      "output_tokens": [
        1522,
        1403,
        1308,
        1219,
        1401,
        1371,
        1508,
        1580
      ],
      "avg_output_tokens": 1414.0,
      "reasoning_tokens": [
        12540,
        19365,
        13361,
        14624,
        13495,
        8320,
        13467,
        11923
      ],
      "avg_reasoning_tokens": 13386.875
    },
    "2024-Mock-AIME-Problem-15": {
      "n_epochs": 8,
      "output_tokens": [
        897,
        1714,
        1459,
        1274,
        1388,
        1358,
        1351,
        1373
      ],
      "avg_output_tokens": 1351.75,
      "reasoning_tokens": [
        12353,
        11539,
        9565,
        15730,
        14124,
        12394,
        14960,
        8502
      ],
      "avg_reasoning_tokens": 12395.875
    },
    "2025-I-Mock-AIME-Problem-01": {
      "n_epochs": 8,
      "output_tokens": [
        949,
        817,
        750,
        815,
        835,
        898,
        1067,
        807
      ],
      "avg_output_tokens": 867.25,
      "reasoning_tokens": [
        6302,
        5217,
        5560,
        5295,
        5725,
        8546,
        4787,
        6914
      ],
      "avg_reasoning_tokens": 6043.25
    },
    "2025-I-Mock-AIME-Problem-02": {
      "n_epochs": 8,
      "output_tokens": [
        878,
        871,
        916,
        845,
        1036,
        891,
        821,
        1031
      ],
      "avg_output_tokens": 911.125,
      "reasoning_tokens": [
        4888,
        6227,
        3552,
        7379,
        4716,
        6234,
        6496,
        4855
      ],
      "avg_reasoning_tokens": 5543.375
    },
    "2025-I-Mock-AIME-Problem-03": {
      "n_epochs": 8,
      "output_tokens": [
        833,
        936,
        856,
        900,
        1000,
        829,
        762,
        848
      ],
      "avg_output_tokens": 870.5,
      "reasoning_tokens": [
        8187,
        9044,
        6033,
        7970,
        5244,
        6033,
        6491,
        6992
      ],
      "avg_reasoning_tokens": 6999.25
    },
    "2025-I-Mock-AIME-Problem-04": {
      "n_epochs": 7,