{
  "task": "OTIS Mock AIME 2024-2025",
  "task_display_name": "OTIS Mock AIME 2024-2025",
  "model": "openai/gpt-5.2-2025-12-11",
  "eval_id": "ch6hWrhWs29qd8d7Ea822Y",
  "run_id": "F6y6ZoMXBZzT7bryWBq8Td",
  "dataset_name": "EpochAI/otis-mock-aime-24-25",
  "epochs_configured": 4,
  "accuracy": 0.9611111111111111,
  "stderr": 0.027473076300927567,
  "scores": [
    {
      "scorer": "model_extracted_exact_match",
      "reducer": "mean",
      "metrics": {
        "accuracy": 0.9611111111111111,
        "stderr": 0.027473076300927567
      }
    }
  ],
  "totals": {
    "total_output_tokens": 3350658.0,
    "total_avg_output_tokens": 837664.5,
    "total_reasoning_tokens": 3151598.0,
    "total_avg_reasoning_tokens": 787899.5
  },
  "totals_source": "samples",
  "samples": {
    "2024-Mock-AIME-Problem-03": {
      "n_epochs": 4,
      "output_tokens": [
        925,
        1003,
        1296,
        1041
      ],
      "avg_output_tokens": 1066.25,
      "reasoning_tokens": [
        407,
        475,
        821,
        539
      ],
      "avg_reasoning_tokens": 560.5
    },
    "2024-Mock-AIME-Problem-04": {
      "n_epochs": 4,
      "output_tokens": [
        1325,
        1972,
        2006,
        1954
      ],
      "avg_output_tokens": 1814.25,
      "reasoning_tokens": [
        714,
        1337,
        1427,
        1326
      ],
      "avg_reasoning_tokens": 1201.0
    },
    "2025-II-Mock-AIME-Problem-02": {
      "n_epochs": 4,
      "output_tokens": [
        1860,
        1990,
        1897,
        1961
      ],
      "avg_output_tokens": 1927.0,
      "reasoning_tokens": [
        1246,
        1435,
        1233,
        1281
      ],
      "avg_reasoning_tokens": 1298.75
    },
    "2024-Mock-AIME-Problem-01": {
      "n_epochs": 4,
      "output_tokens": [
        1540,
        1443,
        1945,
        2152
      ],
      "avg_output_tokens": 1770.0,
      "reasoning_tokens": [
        961,
        926,
        1418,
        1590
      ],
      "avg_reasoning_tokens": 1223.75
    },
    "2025-II-Mock-AIME-Problem-01": {
      "n_epochs": 4,
      "output_tokens": [
        1544,
        2014,
        3274,
        4169
      ],
      "avg_output_tokens": 2750.25,
      "reasoning_tokens": [
        921,
        1402,
        2669,
        3513
      ],
      "avg_reasoning_tokens": 2126.25
    },
    "2025-II-Mock-AIME-Problem-03": {
      "n_epochs": 4,
      "output_tokens": [
        1957,
        1753,
        2352,
        3228
      ],
      "avg_output_tokens": 2322.5,
      "reasoning_tokens": [
        1433,
        1200,
        1850,
        2662
      ],
      "avg_reasoning_tokens": 1786.25
    },
    "2024-Mock-AIME-Problem-09": {
      "n_epochs": 4,
      "output_tokens": [
        2060,
        2399,
        5381,
        6271
      ],
      "avg_output_tokens": 4027.75,
      "reasoning_tokens": [
        1158,
        1657,
        4639,
        5217
      ],
      "avg_reasoning_tokens": 3167.75
    },
    "2025-II-Mock-AIME-Problem-05": {
      "n_epochs": 4,
      "output_tokens": [
        2439,
        2331,
        2132,
        2532
      ],
      "avg_output_tokens": 2358.5,
      "reasoning_tokens": [
        2038,
        1794,
        1637,
        2002
      ],
      "avg_reasoning_tokens": 1867.75
    },
    "2025-II-Mock-AIME-Problem-13": {
      "n_epochs": 4,
      "output_tokens": [
        3099,
        2789,
        3291,
        3974
      ],
      "avg_output_tokens": 3288.25,
      "reasoning_tokens": [
        2331,
        1822,
        2397,
        3152
      ],
      "avg_reasoning_tokens": 2425.5
    },
    "2025-I-Mock-AIME-Problem-01": {
      "n_epochs": 4,
      "output_tokens": [
        2277,
        2662,
        3303,
        4754
      ],
      "avg_output_tokens": 3249.0,
      "reasoning_tokens": [
        1650,
        1869,
        2600,
        4016
      ],
      "avg_reasoning_tokens": 2533.75
    },
    "2025-I-Mock-AIME-Problem-02": {
      "n_epochs": 4,
      "output_tokens": [
        3622,
        3807,
        4718,
        4565
      ],
      "avg_output_tokens": 4178.0,
      "reasoning_tokens": [
        2571,
        2973,
        3591,
        3392
      ],
      "avg_reasoning_tokens": 3131.75
    },
    "2024-Mock-AIME-Problem-07": {
      "n_epochs": 4,
      "output_tokens": [
        2901,
        3395,
        4228,
        4533
      ],
      "avg_output_tokens": 3764.25,
      "reasoning_tokens": [
        2045,
        2212,
        3087,
        3456
      ],
      "avg_reasoning_tokens": 2700.0
    },
    "2025-I-Mock-AIME-Problem-05": {
      "n_epochs": 4,
      "output_tokens": [
        2419,
        3889,
        3668,
        3930
      ],
      "avg_output_tokens": 3476.5,
      "reasoning_tokens": [
        1927,
        3384,
        3135,
        3448
      ],
      "avg_reasoning_tokens": 2973.5
    },
    "2025-II-Mock-AIME-Problem-10": {
      "n_epochs": 4,
      "output_tokens": [
        3520,
        3588,
        5686,
        5339
      ],
      "avg_output_tokens": 4533.25,
      "reasoning_tokens": [
        2446,
        2583,
        4598,
        4403
      ],
      "avg_reasoning_tokens": 3507.5
    },
    "2025-II-Mock-AIME-Problem-07": {
      "n_epochs": 4,
      "output_tokens": [
        4058,
        5851,
        6748,
        7338
      ],
      "avg_output_tokens": 5998.75,
      "reasoning_tokens": [
        3127,
        5097,
        5827,
        6424
      ],
      "avg_reasoning_tokens": 5118.75
    },
    "2025-I-Mock-AIME-Problem-08": {
      "n_epochs": 4,
      "output_tokens": [
        3274,
        6043,
        7713,
        10030
      ],
      "avg_output_tokens": 6765.0,
      "reasoning_tokens": [
        2550,
        5387,
        6918,
        9371
      ],
      "avg_reasoning_tokens": 6056.5
    },
    "2025-I-Mock-AIME-Problem-03": {
      "n_epochs": 4,
      "output_tokens": [
        4115,
        5141,
        5379,
        6473
      ],
      "avg_output_tokens": 5277.0,
      "reasoning_tokens": [
        3387,
        4323,
        4476,
        5705
      ],
      "avg_reasoning_tokens": 4472.75
    },
    "2025-I-Mock-AIME-Problem-07": {
      "n_epochs": 4,
      "output_tokens": [
        3994,
        5434,
        5569,
        6170
      ],
      "avg_output_tokens": 5291.75,
      "reasoning_tokens": [
        3009,
        4688,
        4613,
        5331
      ],
      "avg_reasoning_tokens": 4410.25
    },
    "2025-II-Mock-AIME-Problem-04": {
      "n_epochs": 4,
      "output_tokens": [
        5161,
        5383,
        6824,
        6174
      ],
      "avg_output_tokens": 5885.5,
      "reasoning_tokens": [
        4160,
        4353,
        5855,
        5100
      ],
      "avg_reasoning_tokens": 4867.0
    },
    "2024-Mock-AIME-Problem-15": {
      "n_epochs": 4,
      "output_tokens": [
        6154,
        6744,
        7714,
        14644
      ],
      "avg_output_tokens": 8814.0,
      "reasoning_tokens": [
        5059,
        5679,
        6590,
        13265
      ],
      "avg_reasoning_tokens": 7648.25
    },
    "2025-II-Mock-AIME-Problem-06": {
      "n_epochs": 4,
      "output_tokens": [
        5378,
        5814,
        5592,
        8527
      ],
      "avg_output_tokens": 6327.75,
      "reasoning_tokens": [
        4674,
        5269,
        4914,
        7815
      ],
      "avg_reasoning_tokens": 5668.0
    },
    "2025-I-Mock-AIME-Problem-09": {
      "n_epochs": 4,
      "output_tokens": [
        5763,
        6424,
        7895,
        7901
      ],
      "avg_output_tokens": 6995.75,
      "reasoning_tokens": [
        4666,
        5483,
        6921,
        6898
      ],
      "avg_reasoning_tokens": 5992.0
    },
    "2024-Mock-AIME-Problem-06": {
      "n_epochs": 4,
      "output_tokens": [
        7141,
        8159,
        9461,
        10036
      ],
      "avg_output_tokens": 8699.25,